{"cameraMode":{"drawMode":0,"name":"Shaded","section":"Shading Mode"},"sceneLighting":true,"audioPlay":false,"sceneViewState":{"showFog":true,"showMaterialUpdate":false,"showSkybox":true,"showFlares":true,"showImageEffects":true,"showParticleSystems":true},"in2DMode":false,"pivot":{"x":4.869991302490234,"y":4.736364841461182,"z":1.1931982040405274},"rotation":{"x":0.12298649549484253,"y":-0.4620281457901001,"z":0.06487435102462769,"w":0.8758972883224487},"size":8.855718612670899,"orthographic":true}