{"cameraMode":{"drawMode":0,"name":"Shaded","section":"Shading Mode"},"sceneLighting":true,"audioPlay":false,"sceneViewState":{"showFog":true,"showMaterialUpdate":false,"showSkybox":true,"showFlares":true,"showImageEffects":true,"showParticleSystems":true},"in2DMode":false,"pivot":{"x":4.179805755615234,"y":4.736364841461182,"z":-2.347165584564209},"rotation":{"x":-0.18719016015529633,"y":0.30569833517074587,"z":-0.06143025681376457,"w":-0.931522011756897},"size":10.614471435546875,"orthographic":false}