{"cameraMode":{"drawMode":0,"name":"Shaded","section":"Shading Mode"},"sceneLighting":true,"audioPlay":false,"sceneViewState":{"showFog":true,"showMaterialUpdate":false,"showSkybox":true,"showFlares":true,"showImageEffects":true,"showParticleSystems":true},"in2DMode":false,"pivot":{"x":3.3731861114501955,"y":4.736364841461182,"z":-2.838599920272827},"rotation":{"x":-0.24383604526519776,"y":0.10507287830114365,"z":-0.026584342122077943,"w":-0.9637401700019836},"size":18.773038864135743,"orthographic":true}